item,label,duration,intensity,cog,sdev,skew,kurt
SN10,B2_SN10_1_s.wav,0.1131666667,49.30217578,6728.065785,1590.547541,0.7980391817,3.183523389
SN10,B2_SN10_2_s.wav,0.1056041667,52.53359183,6417.718719,1443.213045,0.5414357661,1.674099267
SN10,B2_SN10_3_s.wav,0.1007291667,51.95281211,6110.257549,1488.603695,1.448339882,2.632436979
SN13,B2_SN13_1_s.wav,0.1041875,51.1068285,6475.086677,2008.24624,0.858864894,1.353829611
SN13,B2_SN13_2_s.wav,0.1137916667,49.26797005,7276.94669,1713.037081,0.6520405825,3.036248279
SN13,B2_SN13_3_s.wav,0.1115416667,52.28735445,6630.410106,1901.077932,0.3597745788,1.561717347
SN14,B2_SN14_1_s.wav,0.1111458333,51.60651382,5852.688601,1414.461484,1.15840276,3.152347334
SN14,B2_SN14_2_s.wav,0.1068125,51.00191886,6204.923892,1129.483648,0.6125888569,4.81907675
SN14,B2_SN14_3_s.wav,0.1179375,50.51023484,5903.364838,1137.403726,1.469570581,7.128204234
SN15,B2_SN15_1_weird_s.wav,0.1199375,51.5364768,6246.547542,1522.383424,1.074869772,1.370739579
SN15,B2_SN15_2_s.wav,0.1175416667,48.85637335,5757.276672,1600.850054,1.350198394,2.961194523
SN15,B2_SN15_3_s.wav,0.1264375,49.88377916,5613.493091,1658.521833,1.378940403,1.941593597
SN16,B2_SN16_1_s.wav,0.0999375,48.94661433,5633.318921,1656.225829,1.277693531,0.4074817932
SN16,B2_SN16_2_s.wav,0.1141458333,48.7083782,5207.678591,968.451279,2.546304433,10.64378237
SN16,B2_SN16_3_s.wav,0.1111458333,48.38071252,6181.185234,1568.837927,0.4503855409,0.03333616055
SN17,B2_SN17_1_s.wav,0.1229583333,55.29942556,6614.128821,1371.507532,-0.388206481,0.08602766184
SN17,B2_SN17_2_s.wav,0.12575,50.60652341,5813.124907,1624.564944,0.9038135116,0.5397382432
SN17,B2_SN17_3_s.wav,0.132625,50.75634864,5647.008972,1425.62672,1.847379365,3.669594104
SN18,B2_SN18_1_s.wav,0.1131666667,50.7311078,5494.307386,1034.113811,1.991638681,8.268534587
SN18,B2_SN18_2_s.wav,0.1167291667,52.35464551,5374.888449,734.0682432,2.881141342,15.15639939
SN18,B2_SN18_3_s.wav,0.1308333333,49.80086881,5781.250654,1193.054776,1.964318748,5.216565646
SN19,B2_SN19_1_s.wav,0.0990625,51.14656823,5959.167582,897.4802358,2.010194691,13.46511095
SN19,B2_SN19_2_s.wav,0.088875,55.65723404,5670.96955,737.128216,3.439835107,20.54291468
SN19,B2_SN19_3_s.wav,0.1073333333,51.37392023,5747.97496,593.10596,3.531310083,31.68668596
SN1,B2_SN1_1_s.wav,0.09947916667,53.67889409,5697.322432,1421.788578,1.22511694,1.72872517
SN1,B2_SN1_2_s.wav,0.0940625,52.72684388,6309.321527,1760.599207,0.6885559566,0.02060682633
SN1,B2_SN1_3_s.wav,0.1048958333,51.30757502,6775.26233,1992.840403,0.6133694008,-0.4745955625
SN20,B2_SN20_1_s.wav,0.09297916667,50.72793822,6761.333387,1713.689175,0.2093475729,2.975733993
SN20,B2_SN20_2_s.wav,0.1177291667,52.41420741,7162.948538,1902.559963,0.7340975575,0.5480586986
SN20,B2_SN20_3_s.wav,0.1071875,50.3232821,6575.55169,1222.613982,0.7778814557,3.392717164
SN21,B2_SN21_1_s.wav,0.1037291667,54.93477345,6603.988349,962.6715494,1.589927085,11.97506204
SN21,B2_SN21_2_s.wav,0.1282916667,49.0083343,6349.546778,1075.031968,1.028746703,8.516645985
SN21,B2_SN21_3_s.wav,0.1323125,50.66146755,6094.458937,1245.995892,1.558978853,5.43262657
SN2,B2_SN2_1_s.wav,0.076875,46.49721151,6970.763841,1906.204781,0.5033479795,0.9396106112
SN2,B2_SN2_2_s.wav,0.077375,50.495456,5292.099301,1336.901863,2.250524274,6.113658751
SN2,B2_SN2_3_s.wav,0.08597916667,48.42396836,6899.375762,1730.921368,0.3803573354,1.186743568
SN3,B2_SN3_1_s.wav,0.1032916667,48.77744394,852.4795897,421.8703816,6.037389303,64.95504114
SN3,B2_SN3_2_s.wav,0.1138541667,51.78586903,6008.605495,1877.023603,0.4996088277,-0.6181080332
SN3,B2_SN3_3_s.wav,0.1020208333,52.64862455,5294.148841,1241.846122,2.111247251,5.387802979
SN4,B2_SN4_1_s.wav,0.1260833333,50.46893621,5950.122771,1961.169104,1.075315997,0.2746881933
SN4,B2_SN4_2_s.wav,0.126,50.48296305,5999.621569,2086.106549,1.104640772,0.6520595319
SN4,B2_SN4_3_s.wav,0.1220625,50.38403438,6134.532244,2388.812466,1.020127952,-0.2339715367
SN5,B2_SN5_1_s.wav,0.06991666667,45.68734954,5517.319934,1258.615805,0.4295670134,8.776202492
SN5,B2_SN5_2_s.wav,0.09360416667,43.95122688,5170.295183,945.4240847,1.534873452,13.82195005
SN5,B2_SN5_3_s.wav,0.08810416667,44.91045652,5743.842489,753.3693163,1.382354219,20.9189512
SN6,B2_SN6_1_s.wav,0.08529166667,50.4629851,6000.801052,1791.71163,1.364074846,2.007690013
SN6,B2_SN6_2_s.wav,0.0924375,50.70173341,6301.896529,1782.591034,0.8746492226,0.481426118
SN6,B2_SN6_3_s.wav,0.09516666667,52.644255,6649.865767,1899.797783,0.8011987424,0.002929245993
SN7,B2_SN7_1_s.wav,0.1540416667,52.53004018,5586.463748,1060.064609,1.786485246,5.540255789
SN7,B2_SN7_2_s.wav,0.1460625,53.28951047,5307.216845,726.4898131,3.935324141,25.57606334
SN7,B2_SN7_3_s.wav,0.1440625,51.12157608,5634.030645,1041.994754,1.678557579,5.215104883
SN8,B2_SN8_1_s.wav,0.1089375,53.49330469,6441.933062,1123.251979,1.396856637,4.757739537
SN8,B2_SN8_2_s.wav,0.1225833333,51.43915855,6382.807525,993.6083191,1.427663218,5.147977573
SN8,B2_SN8_3_s.wav,0.1133125,49.29146542,6307.985816,1122.760089,1.466220418,5.325700324
SN9,B2_SN9_1_s.wav,0.088,49.65185353,6695.253424,1158.654896,0.610574258,4.715773144
SN9,B2_SN9_2_s.wav,0.1183333333,46.76406308,5984.833787,1284.087968,1.231061794,5.321908915
SN9,B2_SN9_3_s.wav,0.1023541667,44.70776342,6459.995192,1053.579286,0.7671301227,2.350807185
SN10,B3_SN10_1_s.wav,0.1425,48.77384067,7058.190042,2844.806538,-0.02663713276,-0.7674721272
SN10,B3_SN10_2_s.wav,0.1522916667,47.48789677,7743.965672,2631.758719,0.004328306589,-0.03580856197
SN10,B3_SN10_3_s.wav,0.1510416667,48.04831298,7655.18249,2445.080141,0.3768277512,0.02937802367
SN13,B3_SN13_1_s.wav,0.1721041667,47.87852782,7362.2133,1797.582859,1.01605722,3.0584658
SN13,B3_SN13_2_s.wav,0.181375,49.27491476,7470.311468,2215.578858,-0.01219098577,1.586221247
SN13,B3_SN13_3_s.wav,0.1561666667,50.72949783,6941.552205,2053.944945,0.5830220476,1.301328535
SN14,B3_SN14_1_s.wav,0.1504791667,50.49966129,6932.748784,1707.275732,0.9684303204,2.637572736
SN14,B3_SN14_2_s.wav,0.1752916667,50.51965627,8003.613815,2241.017917,0.1594039042,0.5003044567
SN14,B3_SN14_3_s.wav,0.1818125,51.79341257,8275.126714,2133.850019,0.4837422625,1.432271512
SN15,B3_SN15_1_s.wav,0.1874166667,47.28180793,7556.68728,2475.695437,0.05381509285,-0.7072319668
SN15,B3_SN15_2_s.wav,0.1779166667,43.45681626,5467.720356,2669.459986,0.3631373762,0.190132071
SN15,B3_SN15_3_s.wav,0.2195625,50.37135216,8262.415059,2751.557819,-0.5523561811,-0.1231486104
SN16,B3_SN16_1_s.wav,0.1502291667,44.53364306,8382.963291,2762.366319,-0.4540269366,-0.05563552066
SN16,B3_SN16_2_s.wav,0.151125,46.30253516,7718.694041,2472.57212,-0.00487222083,-0.2540391925
SN16,B3_SN16_3_s.wav,0.1662291667,50.96027748,8126.825664,2304.583673,-0.01237353591,-0.8825348049
SN17,B3_SN17_1_s.wav,0.1838958333,47.03476052,6528.522668,2356.379155,1.034074037,-0.3532023988
SN17,B3_SN17_2_s.wav,0.2004166667,49.21308151,7619.419016,2461.481361,0.06666358097,-1.290710205
SN17,B3_SN17_2_s_alt.wav,0.1655416667,44.52912326,7455.991995,2589.261099,0.02800576254,-0.8094750149
SN17,B3_SN17_3_s.wav,0.1722916667,48.56406514,6806.826215,2303.007677,0.2031030231,-1.332049457
SN18,B3_SN18_1_s.wav,0.1638958333,45.2499984,8699.713672,2648.740999,-0.5596545078,0.370332377
SN18,B3_SN18_2_s.wav,0.1527291667,47.48246904,7748.421246,2102.126162,0.1801274315,0.6389452435
SN18,B3_SN18_3_s.wav,0.1342916667,51.22586326,8806.810199,1975.451861,-0.5445477251,0.329965868
SN19,B3_SN19_1_s.wav,0.153875,44.33254403,8441.687626,2598.519838,-0.2694143262,0.486850315
SN19,B3_SN19_2_s.wav,0.1459166667,52.72637581,9259.224807,1814.410066,-0.8753148883,2.019222762
SN19,B3_SN19_3_s.wav,0.1791875,49.78791213,9024.39654,2424.793049,-0.4432842985,1.006680017
SN1,B3_SN1_1_s.wav,0.161,46.43183876,8187.331772,2098.101142,-0.02792334872,-0.1532233048
SN1,B3_SN1_2_s.wav,0.1535416667,51.23927851,7646.157792,2134.633771,0.1003987803,0.007083203117
SN1,B3_SN1_3_s.wav,0.158,50.85352085,8354.370634,2360.482242,-0.1098890611,0.2700375938
SN20,B3_SN20_1_s.wav,0.1634583333,48.94562792,8406.284217,2116.419647,-0.5637074404,2.759100907
SN20,B3_SN20_2_s.wav,0.1580833333,47.34186684,8972.245576,2406.861775,-0.1955916367,1.267245993
SN20,B3_SN20_3_s.wav,0.14475,49.78971461,9230.755621,2381.304567,-0.3846808155,1.298481029
SN21,B3_SN21_1_s.wav,0.1928541667,46.00185051,7780.715662,1919.808287,0.6992993717,1.94274819
SN21,B3_SN21_1_s_alt.wav,0.1527083333,48.43254921,8445.550536,1743.175385,-0.1800186976,3.072564099
SN21,B3_SN21_2_s.wav,0.1763541667,49.69438532,8547.22105,1959.138455,-0.205483889,2.460695692
SN21,B3_SN21_3_s.wav,0.167,51.52504198,7589.581687,2124.277701,0.8417603811,2.46407149
SN2,B3_SN2_1_s.wav,0.1488541667,48.86229323,8725.638545,2271.828535,-0.7466370056,1.148562647
SN2,B3_SN2_2_s.wav,0.1527708333,46.61282475,7569.666136,3209.478588,-0.6595978963,-0.2983690516
SN2,B3_SN2_3_s.wav,0.11975,46.06393741,8561.609762,2457.959074,-0.6954802038,1.2081445
SN3,B3_SN3_1_s.wav,0.1713958333,46.92566173,6941.469229,1927.79181,0.5890539491,1.193980071
SN3,B3_SN3_2_s.wav,0.1518958333,48.56056417,7684.969424,2203.932781,0.2731922763,0.3529301993
SN3,B3_SN3_3_s.wav,0.1437916667,48.761471,6748.099349,2196.907739,0.5249104844,0.4957901365
SN4,B3_SN4_1_s.wav,0.1565625,46.02406878,6078.259369,2365.912044,0.7171132876,0.2747057203
SN4,B3_SN4_2_s.wav,0.1703333333,47.46309294,7192.358803,2657.758832,0.0384418349,-0.8699334539
SN4,B3_SN4_3_s.wav,0.1982083333,48.97022891,6737.665382,2333.719914,0.7034137419,0.09292551751
SN5,B3_SN5_1_s.wav,0.1131666667,43.84231419,7134.631086,2229.642668,0.1501455319,0.4059041346
SN5,B3_SN5_2_s.wav,0.1068958333,44.70743444,7841.007087,3038.244737,-0.7986054003,0.2178290063
SN5,B3_SN5_3_s.wav,0.09479166667,47.69423757,8186.771839,2429.650895,-0.5549862709,1.662970562
SN6,B3_SN6_1_s.wav,0.1198333333,48.8293554,8965.083029,2358.398979,-0.8648663214,0.4291714094
SN6,B3_SN6_2_s.wav,0.14625,51.33191321,7118.268456,2002.633922,0.5366559058,-0.2237655708
SN6,B3_SN6_3_s.wav,0.1244166667,48.81000253,7467.479954,2511.037644,0.3716407533,-0.4819335226
SN7,B3_SN7_1_s.wav,0.1663541667,43.01184619,8090.238703,1876.927299,-0.2759579764,2.65844914
SN7,B3_SN7_2_s.wav,0.1639166667,49.61920648,8881.318702,1585.391574,-0.1818233022,4.365854919
SN7,B3_SN7_3_s.wav,0.1492083333,45.50757008,7802.679784,2024.881793,-0.01522260326,0.506287094
SN8,B3_SN8_1_s.wav,0.1612708333,43.60501138,8074.526054,2045.018,0.4423460896,1.688632685
SN8,B3_SN8_2_s.wav,0.1380208333,47.18591126,7578.238572,1551.491529,0.4883433736,3.510878666
SN8,B3_SN8_3_s.wav,0.1537708333,51.98008853,8499.595825,1891.171291,-0.08641693095,1.294421338
SN9,B3_SN9_1_s.wav,0.1960625,42.80583455,8333.022196,2254.720737,-0.6619382793,1.956460676
SN9,B3_SN9_2_s.wav,0.1347708333,48.82002122,6065.138407,1890.423522,0.6946664305,3.352637077
SN9,B3_SN9_3_s.wav,0.1464583333,48.96366393,7569.138449,2605.244909,-0.148382309,0.6073896015
SN1,B4_SN1_1_s.wav,0.1455833333,53.93832461,5449.073765,1940.179195,1.160724121,0.6263916256
SN1,B4_SN1_2_s.wav,0.1165,54.48939446,4841.162943,1483.32826,1.758762998,3.57181751
SN1,B4_SN1_3_s.wav,0.1291041667,54.18812801,4970.435168,1616.293097,1.154743741,1.28432504
SN2,B4_SN2_1_s.wav,0.106875,52.04282556,3825.181457,1237.885553,2.436916488,9.132234022
SN2,B4_SN2_2_s.wav,0.1028541667,48.76559269,3881.04501,1469.294539,2.229947868,6.284774864
SN2,B4_SN2_2_s_alt.wav,0.1130833333,44.76969157,3820.263603,1634.470447,1.557705019,4.923248119
SN2,B4_SN2_3_s.wav,0.1156458333,52.36275683,4421.08047,1518.893983,1.835750917,5.155967857
SN3,B4_SN3_1_s.wav,0.1214791667,53.81514977,3735.230541,1503.344547,1.876964776,4.816634805
SN3,B4_SN3_2_s.wav,0.1156041667,51.56524851,5444.211751,2024.484046,1.177632459,0.8548590109
SN3,B4_SN3_3_s.wav,0.1275208333,54.09138367,3409.385403,1422.083867,2.051025866,5.392871672
SN4,B4_SN4_1_s.wav,0.1490416667,48.58254216,4345.989381,1616.467807,1.621364761,3.187888735
SN4,B4_SN4_2_s.wav,0.1434375,50.98383563,4473.108146,2204.158185,1.354591272,1.427181395
SN4,B4_SN4_3_s.wav,0.1283541667,52.10353998,4044.299828,1822.092918,1.758211309,3.402171385
SN5,B4_SN5_1_s.wav,0.1105416667,49.88730494,4500.653053,1513.580837,1.799219715,6.058472092
SN5,B4_SN5_2_s.wav,0.0973125,47.48695184,4913.983458,1696.586966,1.42087835,2.887856467
SN5,B4_SN5_3_s.wav,0.09002083333,48.18674612,4593.772029,1618.91514,0.9994026267,3.526784048
SN6,B4_SN6_1_s.wav,0.10525,52.48339755,5439.392529,1879.673423,0.9356945798,1.232271127
SN6,B4_SN6_2_s.wav,0.106375,58.06042865,4502.332421,980.9304519,3.254062635,13.43205809
SN6,B4_SN6_3_s.wav,0.1183333333,54.49420934,5131.830447,1657.462992,1.301199439,3.271515706
SN7,B4_SN7_1_s.wav,0.1649166667,50.17114489,5274.44645,1400.244397,2.021878332,6.001993176
SN7,B4_SN7_2_s.wav,0.154625,50.00335767,4882.181004,1542.295041,1.646260339,3.576698239
SN7,B4_SN7_3_s.wav,0.1551041667,50.60086579,4948.544337,1346.062055,1.373756291,4.399120722
SN8,B4_SN8_1_s.wav,0.1418958333,49.17416861,4477.082116,1063.828403,1.866555292,9.544020859
SN8,B4_SN8_2_s.wav,0.1305625,49.43485754,4213.887151,1221.36412,1.865833197,6.746056361
SN8,B4_SN8_3_s.wav,0.1456666667,52.59427765,4207.942163,1243.677965,1.854785061,6.096898892
SN9,B4_SN9_1_s.wav,0.171875,49.82679649,5767.878328,2118.46779,1.427384532,1.916890272
SN9,B4_SN9_2_s.wav,0.1172916667,50.66206887,4904.577324,958.3138898,2.696722753,15.98728465
SN9,B4_SN9_3_s.wav,0.1200416667,49.11805235,4652.504018,1164.01618,1.77804431,9.371190165
SN10,B4_SN10_1_s.wav,0.1247291667,53.2980784,5380.32673,1661.003278,1.570045806,2.779045544
SN10,B4_SN10_2_s.wav,0.1159375,54.60473478,4535.573719,1153.533473,1.804261273,6.835907654
SN10,B4_SN10_3_s.wav,0.1190416667,55.56814325,4892.122567,1378.19672,1.468720931,3.428740975
SN13,B4_SN13_1_s.wav,0.1462708333,52.10854817,5170.968576,1581.9891,1.292564844,3.232486379
SN13,B4_SN13_2_s.wav,0.1355208333,51.5402237,5490.374204,1921.953105,0.8387101836,1.262833174
SN13,B4_SN13_3_s.wav,0.1407916667,54.29679111,4579.830561,1386.73481,1.665258403,4.924448884
SN13,B4_SN13_3_s_alt.wav,0.1785625,52.0735787,5398.727712,1591.143233,1.070341381,2.715414767
SN14,B4_SN14_1_s.wav,0.1296041667,53.3339723,4873.99464,1512.235021,1.057549265,2.262247782
SN14,B4_SN14_2_s.wav,0.1259166667,52.96229576,4898.215609,1488.71016,1.551510708,3.159262402
SN14,B4_SN14_3_s.wav,0.1485416667,51.87768839,4616.829495,1540.008759,1.280491169,3.061104968
SN15,B4_SN15_1_s.wav,0.1611875,52.30517605,4554.579846,1632.385381,1.7608213,3.972956606
SN15,B4_SN15_2_s.wav,0.1604583333,48.90163548,4544.63818,1874.019791,1.243238404,2.093667001
SN15,B4_SN15_3_s.wav,0.1749583333,52.94643816,4740.264432,1606.60015,1.801050143,4.616367911
SN16,B4_SN16_1_s.wav,0.150125,50.21276496,5040.104052,1886.012279,1.340622882,1.711921068
SN16,B4_SN16_2_s.wav,0.1244166667,48.30141551,4874.285898,1478.3517,1.632363649,4.106574925
SN16,B4_SN16_3_s.wav,0.1363958333,49.99128092,4283.949094,1450.897719,1.656975086,3.724058546
SN17,B4_SN17_1_s.wav,0.1751875,49.8217565,4082.818328,1496.725273,1.568993854,4.114779474
SN17,B4_SN17_2_s.wav,0.1758125,49.96542322,6354.949009,1914.34994,0.3738398281,0.1201021789
SN17,B4_SN17_2_s_alt.wav,0.1748333333,47.77670017,4287.099791,1590.315253,1.336482148,2.509563005
SN17,B4_SN17_3_s.wav,0.1666666667,48.38270632,3826.890314,1212.037703,2.730940116,10.27351263
SN18,B4_SN18_1_s.wav,0.1332083333,51.34679365,5212.956541,1390.064319,1.506575277,3.353729701
SN18,B4_SN18_2_s.wav,0.1214583333,48.19371774,5077.975362,1637.217319,1.445380955,2.41717158
SN18,B4_SN18_3_s.wav,0.1397708333,48.2195108,4325.397061,1464.435932,1.398739907,3.178083808
SN19,B4_SN19_1_s.wav,0.1417916667,50.18967059,5412.188105,1748.325759,1.62056678,3.240062149
SN19,B4_SN19_2_s.wav,0.1341458333,54.75075079,4498.775417,1445.442263,1.955779024,6.843061152
SN19,B4_SN19_3_s.wav,0.1279166667,48.58006994,4718.240534,1283.213478,1.598830929,6.424986914
SN20,B4_SN20_1_s.wav,0.1313541667,56.5742563,5059.001072,1627.038052,1.533347551,2.969074973
SN20,B4_SN20_2_s.wav,0.1405416667,57.30089676,5109.969969,1388.94499,1.784066694,5.538828202
SN20,B4_SN20_3_s.wav,0.1320625,55.62293401,4835.598512,1128.918587,2.413168316,10.1416649
SN21,B4_SN21_1_s.wav,0.1502083333,51.64265873,5488.724894,1511.250196,1.515524706,3.962229929
SN21,B4_SN21_2_s.wav,0.1427083333,55.59148911,4637.46522,1317.772043,2.215398253,7.923126454
SN21,B4_SN21_3_s.wav,0.1513333333,53.96154563,5666.887886,1380.910375,1.173625465,3.024275697
SN10,B6_SN10_1_s.wav,0.1228333333,48.47896287,6733.568725,1746.532696,0.6260226432,-0.05654768358
SN10,B6_SN10_1_s_alt_1.wav,0.11325,50.06494066,7022.014359,1877.764218,0.5244292065,-0.4871185027
SN10,B6_SN10_1_s_alt_2.wav,0.1357708333,47.62933625,6501.476501,1716.028196,0.4987250157,0.6567243337
SN10,B6_SN10_2_s.wav,0.1274375,53.042554,6628.23539,1742.668988,0.6783510755,0.1166034061
SN10,B6_SN10_3_s.wav,0.1483541667,52.90435834,6436.551247,1503.411787,0.627718194,-0.09631704813
SN10,B6_SN10_3_s_alt.wav,0.1040416667,52.1129819,6676.787656,1474.068737,-0.06687783595,0.2938324745
SN13,B6_SN13_1_s.wav,0.1575416667,48.53272176,6407.159827,1485.651994,0.7731950095,0.9725290258
SN13,B6_SN13_1_s_alt.wav,0.1232916667,48.6000337,5715.841626,1820.33191,0.9332118052,-0.2042815997
SN13,B6_SN13_2_s.wav,0.1549166667,46.53887436,6332.026275,1516.517889,0.8584784415,1.600923349
SN13,B6_SN13_2_s_alt.wav,0.1236458333,50.38145877,6293.177249,2122.718489,1.232486527,0.6149829808
SN13,B6_SN13_3_s.wav,0.109875,49.27974468,6013.389892,1734.013781,1.017524263,0.4941986675
SN14,B6_SN14_1_s.wav,0.1253125,46.4123702,6608.798609,2077.827829,0.8828718909,-0.1072337298
SN14,B6_SN14_1_s_alt.wav,0.1230416667,50.1269485,6236.684069,1932.946623,0.8784291657,-0.1932855235
SN14,B6_SN14_2_s.wav,0.1086666667,49.85177554,6886.42952,2262.031767,0.2394444684,-1.487749268
SN14,B6_SN14_2_s_alt.wav,0.1351666667,49.9177323,6192.797299,1673.599808,1.567279126,1.981691325
SN14,B6_SN14_3_s.wav,0.1338333333,50.36970192,6244.674648,1310.12721,1.107545494,3.795144058
SN15,B6_SN15_1_s.wav,0.1375833333,50.38114375,5473.952291,1771.466012,1.597297256,2.094475707
SN15,B6_SN15_2_s.wav,0.1595833333,49.95889265,5808.062499,2088.505838,1.03417299,-0.03220532594
SN15,B6_SN15_3_s.wav,0.1785625,49.18628511,5467.553374,1876.049855,1.092133154,0.4752077264
SN16,B6_SN16_1_s.wav,0.1065416667,48.31734017,6219.717235,1769.741662,0.9484192124,0.2860395012
SN16,B6_SN16_1_s_alt.wav,0.1281458333,47.94893023,5743.953849,1377.157934,1.246779171,1.554984663
SN16,B6_SN16_2_s.wav,0.1040208333,49.45383176,6201.554557,1832.198637,0.9285495429,-0.05991461157
SN16,B6_SN16_3_s.wav,0.13225,48.84937175,5431.841934,1386.961536,2.044928063,3.963156153
SN16,B6_SN16_3_s_alt.wav,0.1164166667,49.84330512,6414.844209,1676.072725,0.7584110016,0.2368452067
SN17,B6_SN17_1_s.wav,0.1675,49.68941301,4776.018717,1535.277132,1.721625797,1.960754729
SN17,B6_SN17_2_s.wav,0.146,49.22301046,5824.999326,1736.277793,0.7078042552,-0.4690748871
SN17,B6_SN17_3_s.wav,0.1404791667,50.49261246,5302.094403,1646.117167,1.487760956,2.074918926
SN18,B6_SN18_1_s.wav,0.1069375,49.18328751,6591.867546,1537.682778,0.5751808446,0.08590503567
SN18,B6_SN18_2_s.wav,0.1091875,46.76672213,6464.563097,1772.725237,0.6946699893,-0.1056561029
SN18,B6_SN18_3_s.wav,0.1392916667,45.64284295,6537.52617,1391.640274,0.4577530296,0.9868347495
SN19,B6_SN19_1_s.wav,0.139125,49.11489504,5703.189359,830.3737875,2.390047213,15.37294034
SN19,B6_SN19_2_s.wav,0.1275416667,51.37937446,5305.380022,1101.518542,2.895634659,11.38657185
SN19,B6_SN19_2_s_alt.wav,0.13075,51.37199172,5839.223307,1580.593475,1.835610089,2.535361701
SN19,B6_SN19_3_s.wav,0.1271666667,47.97409556,6593.886633,1848.179264,0.8052842265,-0.4917491244
SN1,B6_SN1_1_s.wav,0.1258541667,50.56335808,6248.232189,1652.540221,0.7158389589,0.01413828233
SN1,B6_SN1_1_s_alt.wav,0.1081875,52.54579526,6836.032119,2253.39672,0.5764555379,-0.6838196778
SN1,B6_SN1_2_s.wav,0.1385625,50.1206034,6403.095743,1671.924336,0.5322009603,-0.2868332904
SN1,B6_SN1_2_s_alt.wav,0.1192291667,50.88900581,5899.634646,1824.516012,1.285528853,1.227293465
SN1,B6_SN1_3_s.wav,0.1349166667,50.43319313,5581.989636,1246.007878,1.480104571,3.761778831
SN1,B6_SN1_3_s_alt.wav,0.1059166667,52.55382986,6516.851554,2004.948942,0.799749456,0.09585550849
SN20,B6_SN20_1_s.wav,0.120625,48.64339103,6153.583739,1631.808275,1.40883966,1.985043324
SN20,B6_SN20_2_s.wav,0.1149791667,51.88202625,6296.86804,1536.079826,1.470775576,3.580326523
SN20,B6_SN20_3_s.wav,0.1351458333,48.32833671,6226.219408,1397.102589,1.583121903,3.931161715
SN21,B6_SN21_1_s.wav,0.1450625,52.48966758,5994.045774,987.7781452,2.236685682,9.199079339
SN21,B6_SN21_2_s.wav,0.1425,49.40829473,5862.016576,1174.950135,1.616001745,4.753127245
SN21,B6_SN21_2_s_alt.wav,0.1416875,47.00437797,6792.337018,2016.138272,1.359446907,1.354259
SN21,B6_SN21_3_s.wav,0.1320625,47.85097775,6103.845429,1316.571745,1.124371036,2.829831442
SN2,B6_SN2_1_s.wav,0.108625,48.83786577,6310.335847,1820.912824,0.6278565946,0.5268150431
SN2,B6_SN2_2_s.wav,0.1017291667,48.21055687,5614.946735,1722.871553,1.444909275,2.247021659
SN2,B6_SN2_2_s_alt.wav,0.07795833333,50.57438626,6326.236411,1775.257905,1.156364355,1.6091235
SN2,B6_SN2_3_s.wav,0.1059166667,44.79126114,5693.933279,1695.53349,0.6977371157,2.279144593
SN3,B6_SN3_1_s.wav,0.1202083333,49.04497591,5295.765589,1696.246778,0.6829076391,-0.2164124131
SN3,B6_SN3_2_s.wav,0.132125,49.45283754,5938.479395,1824.731044,0.8968603489,-0.1090952823
SN3,B6_SN3_3_s.wav,0.1164375,48.64884011,4733.290116,1085.054571,2.727286363,11.7807597
SN4,B6_SN4_1_s.wav,0.1407291667,50.53618547,6199.899322,2407.679018,0.380233478,-1.337834442
SN4,B6_SN4_2_s.wav,0.1571666667,50.4382535,5337.692333,1971.17158,1.320573701,0.7077096534
SN4,B6_SN4_2_s_alt.wav,0.151625,49.71039831,7140.018941,2598.952258,0.2181160055,-1.256308942
SN4,B6_SN4_3_s.wav,0.1639583333,51.06557295,6658.130418,2430.638092,-0.013913068,-1.395982128
SN5,B6_SN5_1_s.wav,0.097875,42.77219541,5329.993905,1062.874729,2.069436804,11.09710318
SN5,B6_SN5_2_s.wav,0.09675,46.28784045,6417.028833,1916.463189,0.1349175965,1.1155128
SN5,B6_SN5_3_s.wav,0.08297916667,40.55084782,6187.066991,1758.227421,0.304116652,1.547781408
SN6,B6_SN6_1_s.wav,0.10675,52.42378239,6192.930305,1746.59585,0.1037914141,-1.08573712
SN6,B6_SN6_1_s_alt.wav,0.09741666667,51.0608029,7561.054307,2244.063792,0.1705111188,-0.1752547627
SN6,B6_SN6_2_s.wav,0.10875,53.3472757,6399.564255,2044.346819,0.6599306427,-0.7088071219
SN6,B6_SN6_2_s_alt.wav,0.1014583333,53.32008134,5498.494609,1630.80404,2.205649312,4.101054335
SN6,B6_SN6_3_s.wav,0.1272083333,50.59304606,5721.839167,1625.746653,1.580143966,2.157787501
SN6,B6_SN6_3_s_alt.wav,0.1041666667,54.43246035,7150.491528,1444.844928,-0.5221058979,1.274056022
SN7,B6_SN7_1_s.wav,0.1440833333,50.11650843,5645.700923,1162.746061,2.010208294,5.165612565
SN7,B6_SN7_2_s.wav,0.1420625,49.89043699,6357.507247,1276.968954,0.7473336003,1.716712066
SN7,B6_SN7_3_s.wav,0.1414166667,48.19573959,6383.173512,1452.097697,0.8246897424,0.5283291649
SN8,B6_SN8_1_s.wav,0.1114583333,48.864637,6305.96408,1122.182773,0.670284354,1.488736251
SN8,B6_SN8_2_s.wav,0.108125,52.3660038,5598.173916,1038.624526,3.516597548,14.18202635
SN8,B6_SN8_3_s.wav,0.1385,48.39131302,7106.436409,1491.739691,0.3089549526,-0.1282932882
SN9,B6_SN9_1_s.wav,0.1087291667,42.58247263,5908.140299,1206.253598,1.607993265,5.0579349
SN9,B6_SN9_2_s.wav,0.1587708333,45.17504361,5847.948858,1139.087696,1.743398803,6.178036464
SN9,B6_SN9_2_s_alt.wav,0.1564583333,49.91670949,6478.505586,1516.234518,1.353717094,3.829837145
SN9,B6_SN9_3_s.wav,0.1458958333,47.99088373,5786.02652,1102.809462,1.086838252,7.766411387
SN9,B6_SN9_3_s_alt.wav,0.1467291667,49.23213847,5096.175804,793.1890083,5.016422702,30.41535991